Id_Curso,Nombre_curso,FechaVisible,Periodo,Horas,Lugar,Horario,Tipo
TNM-054-01-2026,CONOCIENDO REGLAMENTOS Y LINEAMIENTOS; UNA PAUTA PARA EL DESARROLLO DOCENTE Y PERFIL DESEABLE,DEL 13 AL 17 DE ENERO DEL 2026,PERIODO_1,30,A4,9:00 a 15:00 hrs,Docente
TNM-054-02-2026,PYTHON BÁSICO,DEL 13 AL 17 DE ENERO DEL 2026,PERIODO_1,30,Edifcio O,9:00 a 15:00 hrs,Profesional
TNM-054-03-2026,MANTENIMIENTO CORRECTIVO FRESA CNC DYNA MYTE,DEL 13 AL 17 DE ENERO DEL 2026,PERIODO_1,30,Lab. de Electrica,9:00 a 15:00 hrs,Profesional
TNM-054-04-2026,HERRAMIENTAS DE INTELIGENCIA ARTIFICIAL GENERATIVA,DEL 13 AL 17 DE ENERO DEL 2026,PERIODO_1,30,Lab. de Elen,9:00 a 15:00 hrs,Profesional
TNM-054-05-2026,METODOLOGÍA DE EDUCACIÓN VIRTUAL - ITDED,DEL 13 AL 17 DE ENERO DEL 2026,PERIODO_1,30,Centro de Información Sala A,9:00 a 15:00 hrs,Docente
TNM-054-06-2026,BÚSQUEDA Y RESCATE,DEL 13 AL 17 DE ENERO DEL 2026,PERIODO_1,30,UPIDET,9:00 a 15:00 hrs,Docente
TNM-054-07-2026,ESTANDARIZACIÓN DE LOS CURSOS DE LA PLATAFORMA MOODLE DE LA ACADEMIA DE INFORMÁTICA,DEL 13 AL 17 DE ENERO DEL 2026,PERIODO_1,30,Centro de Innovación,9:00 a 15:00 hrs,Profesional
TNM-054-08-2026,TALLER DE CONSTRUCCIÓN,DEL 13 AL 17 DE ENERO DEL 2026,PERIODO_1,30,Ed. Quimica-Bioqumica,9:00 a 15:00 hrs,Profesional
TNM-054-09-2026,"MARCO DE REFERENCIA CACEI 2025, PARA LA ACREDITACIÓN DE INGENIERÍA QUÍMICA PARTE I",DEL 13 AL 17 DE ENERO DEL 2026,PERIODO_1,30,Lab. de Alimentos Funcionales,9:00 a 15:00 hrs,Docente
TNM-054-10-2026,MANEJO DE TORNO,DEL 13 AL 17 DE ENERO DEL 2026,PERIODO_1,30,A2,9:00 a 15:00 hrs,Profesional
TNM-054-11-2026,INGLES BÁSICO,DEL 13 AL 17 DE ENERO DEL 2026,PERIODO_1,30,O1,9:00 a 15:00 hrs,Docente
TNM-054-12-2026,ACTUALIZACIÓN INTEGRADA DE PRÁCTICAS DE LABORATORIO,DEL 13 AL 17 DE ENERO DEL 2026,PERIODO_1,30,T1,9:00 a 15:00 hrs,Profesional
TNM-054-13-2026,TALLER PARA AUDITABLES; DIRIGIDO A ALTA DIRECCIÓN Y JEFES DE DEPARTAMENTO,DEL 13 AL 17 DE ENERO DEL 2026,PERIODO_1,30,Ed. Sistema y Computacion,9:00 a 15:00 hrs,Docente
TNM-054-14-2026,HERRAMIENTAS  DE INTELIGENCIA ARTIFICIAL GENERATIVA CAPITULO 2,DEL 20 AL 24 DE ENERO DEL 2026,PERIODO_2,30,Lab. de Computo,9:00 a 15:00 hrs,Profesional
TNM-054-15-2026,ANÁLISIS DE LA RETÍCULA DE LAS CARRERAS DE SISTEMAS Y COMPUTACIÓN,DEL 20 AL 24 DE ENERO DEL 2026,PERIODO_2,30,Hemeroteca,9:00 a 15:00 hrs,Profesional
TNM-054-16-2026,NUTRICIÓN PARA LA PREVENCIÓN DEL SÍNDROME METABÓLICO,DEL 20 AL 24 DE ENERO DEL 2026,PERIODO_2,30,A4,9:00 a 15:00 hrs,Docente
TNM-054-17-2026,METODOLOGÍA DE EDUCACIÓN VIRTUAL - ITDED I,DEL 20 AL 24 DE ENERO DEL 2026,PERIODO_2,30,Edifcio O,9:00 a 15:00 hrs,Docente
TNM-054-18-2026,INTRODUCCIÓN BIM REVIT ARQUITECTURA,DEL 20 AL 24 DE ENERO DEL 2026,PERIODO_2,30,Lab. de Electrica,9:00 a 15:00 hrs,Profesional
TNM-054-19-2026,ESTRATEGIAS PARA EL DESARROLLO Y MEJORA DEL LABORATORIO DE INGENIERÍA CIVIL,DEL 20 AL 24 DE ENERO DEL 2026,PERIODO_2,30,Lab. de Elen,9:00 a 15:00 hrs,Profesional
TNM-054-20-2026,MARCO DE REFERENCIA CACEI 2025; PARA LA ACREDITACIÓN DE INGENIERÍA QUÍMICA PARTE II,DEL 20 AL 24 DE ENERO DEL 2026,PERIODO_2,30,Centro de Información Sala A,9:00 a 15:00 hrs,Profesional
TNM-054-21-2026,DISEÑO DE PROCESOS TÉRMICOS EN ALIMENTOS DE BAJA ACIDEZ,DEL 20 AL 24 DE ENERO DEL 2026,PERIODO_2,30,UPIDET,9:00 a 15:00 hrs,Profesional
TNM-054-22-2026,INGLES BÁSICO I,DEL 20 AL 24 DE ENERO DEL 2026,PERIODO_2,30,Centro de Innovación,9:00 a 15:00 hrs,Docente
TNM-054-23-2026,DISEÑO DE PLANES DE FORMACIÓN DUAL,DEL 20 AL 24 DE ENERO DEL 2026,PERIODO_2,30,Ed. Quimica-Bioqumica,9:00 a 15:00 hrs,Docente
TNM-054-24-2026,HERRAMIENTAS Y ESTRATEGIAS PARA EL ACOMPAÑAMIENTO ACADÉMICO EN INGENIERÍA MECÁNICA Y MECATRÓNICA,DEL 20 AL 24 DE ENERO DEL 2026,PERIODO_2,30,Lab. de Alimentos Funcionales,9:00 a 15:00 hrs,Profesional
TNM-054-25-2026,ANÁLISIS DE CIRCUITOS CON SIMULINK,DEL 20 AL 24 DE ENERO DEL 2026,PERIODO_2,30,A2,9:00 a 15:00 hrs,Profesional
TNM-054-26-2026,ANÁLISIS ESTADÍSTICO DE DATOS,DEL 20 AL 24 DE ENERO DEL 2026,PERIODO_2,30,O1,9:00 a 15:00 hrs,Profesional
TNM-054-27-2026,CONFIGURACIÓN DE TARJETA JETSON NANO ORIN PARA EL DESARROLLO DE APLICACIONES DEEP LEARNING CONVOLUCIONAL,DEL 20 AL 24 DE ENERO DEL 2025,PERIODO_2,30,T1,9:00 a 15:00 hrs,Profesional
TNM-054-28-2026,ANÁLISIS DE SISTEMAS TÉRMICOS MEDIANTE SOFTWARE ESPECIALIZADO,DEL 20 AL 24 DE ENERO DEL 2025,PERIODO_2,30,Ed. Sistema y Computacion,9:00 a 15:00 hrs,Profesional
TNM-054-29-2026,TALLER DE IMPLEMENTACIÓN DE PRÁCTICAS DEL EQUIPO LUCAS-NULLE,DEL 20 AL 24 DE ENERO DEL 2025,PERIODO_2,30,Lab. de Computo,9:00 a 15:00 hrs,Profesional